period,days,start_level_m,end_level_m,start_storage_1e8m3,end_storage_1e8m3,inflow_m3s,release_m3s,turbine_flow_m3s,spill_m3s,tailwater_m,head_m,power_mw,energy_mwh,balance_residual_m3
1,10.000000000000,830.000000000000,836.000000000000,32.633000000000,37.063000000000,703.550000000000,190.818518518518,190.818518518518,0.000000000000,666.612178783722,166.387821216278,269.873959124121,64769.750189789134,-0.000000059605
2,10.000000000000,836.000000000000,842.000000000000,37.063000000000,41.602000000000,759.250000000000,233.902777777778,233.902777777778,0.000000000000,666.798345336077,172.201654663923,342.366785592482,82168.028542195560,0.000000000000
3,11.000000000000,842.000000000000,844.500000000000,41.602000000000,43.593000000000,438.412500000000,228.921759259259,228.921759259259,0.000000000000,666.776822416552,176.473177583448,343.387677333032,90654.346815920510,0.000000000000
4,10.000000000000,844.500000000000,847.500000000000,43.593000000000,45.982000000000,487.532500000000,211.027870370371,211.027870370371,0.000000000000,666.699503143576,179.300496856424,321.617917067665,77188.300096239600,0.000000000000
5,10.000000000000,847.500000000000,850.000000000000,45.982000000000,47.973000000000,537.066666666667,306.626851851852,306.626851851852,0.000000000000,667.112585162323,181.637414837677,473.406723866580,113617.613727979130,0.000000000000
6,8.000000000000,850.000000000000,850.000000000000,47.973000000000,47.973000000000,212.216666666667,212.216666666667,212.216666666667,0.000000000000,666.704639917695,183.295360082305,330.635807823132,63482.075102041270,0.000000000000
7,10.000000000000,850.000000000000,850.000000000000,47.973000000000,47.973000000000,450.929166666667,450.929166666667,450.929166666667,0.000000000000,667.696175595238,182.303824404762,698.751948761378,167700.467702730730,0.000000000000
8,10.000000000000,850.000000000000,850.000000000000,47.973000000000,47.973000000000,374.416666666667,374.416666666667,374.416666666667,0.000000000000,667.405902777778,182.594097222222,581.113322497107,139467.197399305700,0.000000000000
9,11.000000000000,850.000000000000,850.000000000000,47.973000000000,47.973000000000,508.204166666667,508.204166666667,508.204166666667,0.000000000000,667.887347222222,182.112652777778,786.678476027287,207683.117671203680,0.000000000000
10,10.000000000000,850.000000000000,850.000000000000,47.973000000000,47.973000000000,615.545833333333,615.545833333333,615.545833333333,0.000000000000,668.207714646465,181.792285353535,951.162612142861,228279.026914286540,0.000000000000
11,10.000000000000,850.000000000000,850.000000000000,47.973000000000,47.973000000000,522.812500000000,522.812500000000,522.812500000000,0.000000000000,667.934879032258,182.065120967742,809.080328975554,194179.278954133000,0.000000000000
12,10.000000000000,850.000000000000,850.000000000000,47.973000000000,47.973000000000,855.833333333333,855.833333333333,855.833333333333,0.000000000000,668.869819819820,181.130180180180,1317.646589902402,316235.181576576550,0.000000000000
13,10.000000000000,850.000000000000,850.000000000000,47.973000000000,47.973000000000,637.924583333333,637.924583333333,637.924583333333,0.000000000000,668.275529040404,181.724470959596,985.375313056151,236490.075133476170,0.000000000000
14,10.000000000000,850.000000000000,850.000000000000,47.973000000000,47.973000000000,1102.450000000000,1102.450000000000,1102.450000000000,0.000000000000,669.505975609756,180.494024390244,1691.377916106707,405930.699865609760,0.000000000000
15,11.000000000000,850.000000000000,842.000000000000,47.973000000000,41.602000000000,1473.291666666670,2143.640993265997,2143.640993265997,0.000000000000,671.460711279461,174.539288720539,3180.271381013108,839591.644587460400,0.000000000000
16,10.000000000000,842.000000000000,827.500000000000,41.602000000000,30.930000000000,1346.125000000000,2581.310185185185,2581.310185185185,0.000000000000,672.132809095861,162.617190904139,3568.005994919999,856321.438780799700,0.000000238419
17,10.000000000000,827.500000000000,808.500000000000,30.930000000000,18.801000000000,1508.541666666670,2912.361111111115,2912.361111111115,0.000000000000,672.607244744745,145.392755255255,3599.207753062962,863809.860735110900,0.000000238419
18,10.000000000000,808.500000000000,801.500000000000,18.801000000000,15.000000000000,2770.416666666670,3210.347222222225,3208.505932428596,1.841289793630,672.997934027778,132.002065972222,3600.000000000000,864000.000000000000,-0.000000119209
19,10.000000000000,801.500000000000,807.500000000000,15.000000000000,18.258000000000,3585.000000000000,3207.916666666667,3207.916666666667,0.000000000000,672.994895833333,131.505104166667,3585.788030967882,860589.127432291600,0.000000178814
20,10.000000000000,807.500000000000,828.000000000000,18.258000000000,31.270000000000,5593.750000000000,4087.731481481482,2946.597504518686,1141.133976962796,674.014925523350,143.735074476651,3600.000000000000,864000.000000000000,0.000000238419
21,11.000000000000,828.000000000000,837.500000000000,31.270000000000,38.170000000000,3371.250000000000,2645.239898989899,2638.431537955411,6.808361034488,672.226823380868,160.523176619133,3599.999999999999,950399.999999999800,0.000000119209
22,10.000000000000,837.500000000000,842.000000000000,38.170000000000,41.602000000000,2930.000000000000,2532.777777777778,2525.698938686190,7.078839091588,672.061996779388,167.688003220612,3600.000000000000,864000.000000000000,-0.000000059605
23,10.000000000000,842.000000000000,842.000000000000,41.602000000000,41.602000000000,2013.625000000000,2013.625000000000,2013.625000000000,0.000000000000,671.251844262295,170.748155737705,2922.493418327356,701398.420398565500,0.000000000000
24,11.000000000000,842.000000000000,842.000000000000,41.602000000000,41.602000000000,1683.958333333330,1683.958333333330,1683.958333333330,0.000000000000,670.693149717514,171.306850282486,2452.025583767355,647334.754114581700,0.000000000000
25,10.000000000000,842.000000000000,845.500000000000,41.602000000000,44.390000000000,1606.458333333330,1283.773148148144,1283.773148148144,0.000000000000,669.941332902670,173.808667097330,1896.612647747262,455187.035459343000,-0.000000059605
26,10.000000000000,845.500000000000,840.500000000000,44.390000000000,40.411000000000,1982.500000000000,2443.032407407407,2443.032407407407,0.000000000000,671.929899115533,171.070100884467,3552.403303393255,852576.792814381100,0.000000059605
27,10.000000000000,840.500000000000,846.500000000000,40.411000000000,45.186000000000,3032.083333333330,2479.421296296293,2469.331913769557,10.089382526736,671.984210889994,171.515789110006,3600.000000000000,864000.000000000000,-0.000000059605
28,10.000000000000,846.500000000000,848.500000000000,45.186000000000,46.779000000000,2583.333333333330,2398.958333333329,2398.958333333329,0.000000000000,671.863012820513,175.636987179487,3581.439419304214,859545.460633011400,-0.000000029802
29,10.000000000000,848.500000000000,850.000000000000,46.779000000000,47.973000000000,2505.000000000000,2366.805555555556,2366.805555555556,0.000000000000,671.813547008547,177.436452991453,3569.639452935068,856713.468704416400,0.000000029802
30,11.000000000000,850.000000000000,850.000000000000,47.973000000000,47.973000000000,2113.166666666670,2113.166666666670,2113.166666666670,0.000000000000,671.411559139785,178.588440860215,3207.790692361118,846856.742783335000,0.000000000000
31,10.000000000000,850.000000000000,850.000000000000,47.973000000000,47.973000000000,1337.875000000000,1337.875000000000,1337.875000000000,0.000000000000,670.060156250000,179.939843750000,2046.264656884766,491103.517652343840,0.000000000000
32,10.000000000000,850.000000000000,850.000000000000,47.973000000000,47.973000000000,967.083333333333,967.083333333333,967.083333333333,0.000000000000,669.166008771930,180.833991228070,1486.493081642908,356758.339594297900,0.000000000000
33,10.000000000000,850.000000000000,850.000000000000,47.973000000000,47.973000000000,835.625000000000,835.625000000000,835.625000000000,0.000000000000,668.815202702703,181.184797297297,1286.921643053210,308861.194332770300,0.000000000000
34,10.000000000000,850.000000000000,850.000000000000,47.973000000000,47.973000000000,757.208333333333,757.208333333333,757.208333333333,0.000000000000,668.610790598291,181.389209401709,1167.470077953614,280192.818708867400,0.000000000000
35,10.000000000000,850.000000000000,850.000000000000,47.973000000000,47.973000000000,717.291666666667,717.291666666667,717.291666666667,0.000000000000,668.500810185185,181.499189814815,1106.596779067806,265583.226976273350,0.000000000000
36,11.000000000000,850.000000000000,840.000000000000,47.973000000000,40.016000000000,869.000000000000,1706.226430976431,1706.226430976431,0.000000000000,670.730892255892,174.269107744108,2527.411740753246,667236.699558856900,-0.000000119209
