period,days,reservoir,local_inflow_m3s,start_level_m,end_level_m,start_storage_1e8m3,end_storage_1e8m3,inflow_m3s,release_m3s,turbine_flow_m3s,spill_m3s,tailwater_m,head_m,power_mw,energy_mwh,balance_residual_m3
1,1.0,A,20.000000000000,201.000000000000,200.000000000000,0.108640000000,0.100000000000,20.000000000000,30.000000000000,30.000000000000,0.000000000000,150.000000000000,50.500000000000,13.375935000000,321.022440000000,0.000000000000
1,1.0,B,5.000000000000,141.000000000000,140.000000000000,0.088640000000,0.080000000000,50.000000000000,60.000000000000,60.000000000000,0.000000000000,100.000000000000,40.500000000000,21.454470000000,514.907280000000,-0.000000000116
1,1.0,C,3.000000000000,91.000000000000,90.000000000000,0.068640000000,0.060000000000,63.000000000000,73.000000000000,73.000000000000,0.000000000000,60.000000000000,30.500000000000,19.657768500000,471.786444000000,0.000000000349
1,1.0,D,10.000000000000,181.000000000000,180.000000000000,0.054320000000,0.050000000000,10.000000000000,15.000000000000,15.000000000000,0.000000000000,150.000000000000,30.500000000000,4.039267500000,96.942420000000,0.000000000000
2,1.0,A,80.000000000000,200.000000000000,200.000000000000,0.100000000000,0.100000000000,80.000000000000,80.000000000000,56.631555102503,23.368444897497,150.000000000000,50.000000000000,25.000000000000,600.000000000000,0.000000000000
2,1.0,B,10.000000000000,140.000000000000,141.000000000000,0.080000000000,0.088640000000,125.000000000000,115.000000000000,89.491840161980,25.508159838020,100.000000000000,40.500000000000,32.000000000000,768.000000000000,-0.000000000466
2,1.0,C,6.000000000000,90.000000000000,90.000000000000,0.060000000000,0.060000000000,121.000000000000,121.000000000000,94.385925170839,26.614074829161,60.000000000000,30.000000000000,25.000000000000,600.000000000000,0.000000000000
2,1.0,D,45.000000000000,180.000000000000,182.000000000000,0.050000000000,0.058640000000,45.000000000000,35.000000000000,30.000000000000,5.000000000000,150.000000000000,31.000000000000,8.210970000000,197.063280000000,0.000000000233
3,1.0,A,100.000000000000,200.000000000000,202.000000000000,0.100000000000,0.117280000000,100.000000000000,80.000000000000,55.521132453434,24.478867546566,150.000000000000,51.000000000000,25.000000000000,600.000000000000,0.000000000466
3,1.0,B,15.000000000000,141.000000000000,142.000000000000,0.088640000000,0.097280000000,150.000000000000,140.000000000000,87.335410278559,52.664589721441,100.000000000000,41.500000000000,32.000000000000,768.000000000000,0.000000000931
3,1.0,C,8.000000000000,90.000000000000,92.000000000000,0.060000000000,0.077280000000,148.000000000000,128.000000000000,91.341217907263,36.658782092737,60.000000000000,31.000000000000,25.000000000000,600.000000000000,0.000000000466
3,1.0,D,55.000000000000,182.000000000000,182.000000000000,0.058640000000,0.058640000000,55.000000000000,55.000000000000,30.000000000000,25.000000000000,150.000000000000,32.000000000000,8.475840000000,203.420160000000,0.000000000000
4,1.0,A,20.000000000000,202.000000000000,202.000000000000,0.117280000000,0.117280000000,20.000000000000,20.000000000000,20.000000000000,0.000000000000,150.000000000000,52.000000000000,9.182160000000,220.371840000000,0.000000000000
4,1.0,B,5.000000000000,142.000000000000,142.000000000000,0.097280000000,0.097280000000,35.000000000000,35.000000000000,35.000000000000,0.000000000000,100.000000000000,42.000000000000,12.978630000000,311.487120000000,0.000000000000
4,1.0,C,3.000000000000,92.000000000000,92.000000000000,0.077280000000,0.077280000000,38.000000000000,38.000000000000,38.000000000000,0.000000000000,60.000000000000,32.000000000000,10.736064000000,257.665536000000,0.000000000000
4,1.0,D,10.000000000000,182.000000000000,182.000000000000,0.058640000000,0.058640000000,10.000000000000,10.000000000000,10.000000000000,0.000000000000,150.000000000000,32.000000000000,2.825280000000,67.806720000000,0.000000000000
5,1.0,A,15.000000000000,202.000000000000,202.000000000000,0.117280000000,0.117280000000,15.000000000000,15.000000000000,15.000000000000,0.000000000000,150.000000000000,52.000000000000,6.886620000000,165.278880000000,0.000000000000
5,1.0,B,4.000000000000,142.000000000000,142.000000000000,0.097280000000,0.097280000000,27.000000000000,27.000000000000,27.000000000000,0.000000000000,100.000000000000,42.000000000000,10.012086000000,240.290064000000,0.000000000000
5,1.0,C,2.000000000000,92.000000000000,92.000000000000,0.077280000000,0.077280000000,29.000000000000,29.000000000000,29.000000000000,0.000000000000,60.000000000000,32.000000000000,8.193312000000,196.639488000000,0.000000000000
5,1.0,D,8.000000000000,182.000000000000,182.000000000000,0.058640000000,0.058640000000,8.000000000000,8.000000000000,8.000000000000,0.000000000000,150.000000000000,32.000000000000,2.260224000000,54.245376000000,0.000000000000
6,1.0,A,20.000000000000,202.000000000000,201.000000000000,0.117280000000,0.108640000000,20.000000000000,30.000000000000,30.000000000000,0.000000000000,150.000000000000,51.500000000000,13.640805000000,327.379320000000,-0.000000000116
6,1.0,B,5.000000000000,142.000000000000,141.000000000000,0.097280000000,0.088640000000,50.000000000000,60.000000000000,60.000000000000,0.000000000000,100.000000000000,41.500000000000,21.984210000000,527.621040000000,0.000000000349
6,1.0,C,3.000000000000,92.000000000000,91.000000000000,0.077280000000,0.068640000000,63.000000000000,73.000000000000,73.000000000000,0.000000000000,60.000000000000,31.500000000000,20.302285500000,487.254852000000,0.000000000466
6,1.0,D,10.000000000000,182.000000000000,181.000000000000,0.058640000000,0.054320000000,10.000000000000,15.000000000000,15.000000000000,0.000000000000,150.000000000000,31.500000000000,4.171702500000,100.120860000000,-0.000000000058
