period,days,upstream_natural_inflow_m3s,interval_inflow_m3s,upstream_level_limit_m,downstream_level_limit_m,upstream_start_level_m,upstream_end_level_m,upstream_start_storage_1e8m3,upstream_end_storage_1e8m3,upstream_inflow_m3s,upstream_release_m3s,upstream_turbine_flow_m3s,upstream_spill_m3s,upstream_tailwater_m,upstream_head_m,upstream_power_mw,upstream_energy_mwh,upstream_balance_residual_m3,downstream_start_level_m,downstream_end_level_m,downstream_start_storage_1e8m3,downstream_end_storage_1e8m3,downstream_inflow_m3s,downstream_release_m3s,downstream_turbine_flow_m3s,downstream_spill_m3s,downstream_tailwater_m,downstream_head_m,downstream_power_mw,downstream_energy_mwh,downstream_balance_residual_m3,period_total_energy_mwh,cumulative_total_energy_mwh
1,10.000000000,80.000000000,15.000000000,220.000000000,110.000000000,210.000000000,210.000000000,1.800000000,1.800000000,80.000000000,80.000000000,80.000000000,0.000000000,136.200000000,72.800000000,49.504000000,11880.960000000,0.000000000,105.000000000,108.000000000,0.900000000,1.244000000,95.000000000,55.185185185,55.185185185,0.000000000,51.103703704,54.396296296,25.515892318,6123.814156379,0.000000000,18004.774156379,18004.774156379
2,10.000000000,85.000000000,16.000000000,220.000000000,110.000000000,210.000000000,210.000000000,1.800000000,1.800000000,85.000000000,85.000000000,85.000000000,0.000000000,136.275000000,72.725000000,52.543812500,12610.515000000,0.000000000,108.000000000,106.000000000,1.244000000,1.012000000,101.000000000,127.851851852,127.851851852,0.000000000,52.334222222,53.665777778,58.320787095,13996.988902716,-0.000000004,26607.503902716,44612.278059095
3,11.000000000,90.000000000,17.000000000,220.000000000,110.000000000,210.000000000,210.000000000,1.800000000,1.800000000,90.000000000,90.000000000,90.000000000,0.000000000,136.350000000,72.650000000,55.577250000,14672.394000000,0.000000000,106.000000000,103.000000000,1.012000000,0.724000000,107.000000000,137.303030303,137.303030303,0.000000000,52.447636364,51.052363636,59.581975967,15729.641655273,-0.000000011,30402.035655273,75014.313714367
4,10.000000000,95.000000000,18.000000000,220.000000000,110.000000000,210.000000000,208.000000000,1.800000000,1.620000000,95.000000000,115.833333333,115.833333333,0.000000000,136.658333333,71.341666667,70.241815972,16858.035833333,0.000000004,103.000000000,102.000000000,0.724000000,0.644000000,133.833333333,143.092592593,143.092592593,0.000000000,52.517111111,48.982888889,59.577252792,14298.540670123,-0.000000001,31156.576503457,106170.890217824
5,10.000000000,100.000000000,19.000000000,220.000000000,110.000000000,208.000000000,206.000000000,1.620000000,1.440000000,100.000000000,120.833333333,120.833333333,0.000000000,136.708333333,69.291666667,71.168315972,17080.395833333,0.000000004,102.000000000,101.000000000,0.644000000,0.572000000,139.833333333,148.166666667,147.298183077,0.868483590,52.578000000,47.922000000,60.000000000,14400.000000000,-0.000000012,31480.395833333,137651.286051158
6,8.000000000,105.000000000,20.000000000,220.000000000,110.000000000,206.000000000,204.000000000,1.440000000,1.280000000,105.000000000,128.148148148,128.148148148,0.000000000,136.781481481,67.218518519,73.218393690,14057.931588477,0.000000007,101.000000000,101.000000000,0.572000000,0.572000000,148.148148148,148.148148148,148.148148148,0.000000000,52.577777778,47.422222222,59.716872428,11465.639506173,0.000000000,25523.571094650,163174.857145808
7,10.000000000,110.000000000,22.000000000,220.000000000,110.000000000,204.000000000,202.000000000,1.280000000,1.140000000,110.000000000,126.203703704,126.203703704,0.000000000,136.762037037,65.237962963,69.982816658,16795.875997942,0.000000002,101.000000000,100.000000000,0.572000000,0.500000000,148.203703704,156.537037037,150.760124171,5.776912867,52.678444444,46.821555556,60.000000000,14400.000000000,0.000000002,31195.875997942,194370.733143750
8,10.000000000,130.000000000,24.000000000,220.000000000,110.000000000,202.000000000,200.000000000,1.140000000,1.000000000,130.000000000,146.203703704,146.203703704,0.000000000,136.962037037,63.037962963,78.339261103,18801.422664609,0.000000004,100.000000000,100.000000000,0.500000000,0.500000000,170.203703704,170.203703704,152.928885519,17.274818184,52.842444444,46.157555556,60.000000000,14400.000000000,0.000000000,33201.422664609,227572.155808359
9,11.000000000,150.000000000,28.000000000,220.000000000,110.000000000,200.000000000,200.000000000,1.000000000,1.000000000,150.000000000,150.000000000,150.000000000,0.000000000,137.000000000,62.000000000,79.050000000,20869.200000000,0.000000000,100.000000000,100.000000000,0.500000000,0.500000000,178.000000000,178.000000000,153.239482664,24.760517336,52.936000000,46.064000000,60.000000000,15840.000000000,0.000000000,36709.200000000,264281.355808359
10,10.000000000,175.000000000,32.000000000,220.000000000,110.000000000,200.000000000,200.000000000,1.000000000,1.000000000,175.000000000,175.000000000,152.417242201,22.582757799,137.250000000,61.750000000,80.000000000,19200.000000000,0.000000000,100.000000000,100.000000000,0.500000000,0.500000000,207.000000000,207.000000000,154.405974482,52.594025518,53.284000000,45.716000000,60.000000000,14400.000000000,0.000000000,33600.000000000,297881.355808359
11,10.000000000,200.000000000,36.000000000,220.000000000,110.000000000,200.000000000,200.000000000,1.000000000,1.000000000,200.000000000,200.000000000,153.036824486,46.963175514,137.500000000,61.500000000,80.000000000,19200.000000000,0.000000000,100.000000000,100.000000000,0.500000000,0.500000000,236.000000000,236.000000000,155.590361696,80.409638304,53.632000000,45.368000000,60.000000000,14400.000000000,0.000000000,33600.000000000,331481.355808359
12,10.000000000,225.000000000,40.000000000,220.000000000,110.000000000,200.000000000,200.000000000,1.000000000,1.000000000,225.000000000,225.000000000,153.661464586,71.338535414,137.750000000,61.250000000,80.000000000,19200.000000000,0.000000000,100.000000000,100.000000000,0.500000000,0.500000000,265.000000000,265.000000000,156.793059294,108.206940706,53.980000000,45.020000000,60.000000000,14400.000000000,0.000000000,33600.000000000,365081.355808359
13,10.000000000,250.000000000,45.000000000,220.000000000,110.000000000,200.000000000,200.000000000,1.000000000,1.000000000,250.000000000,250.000000000,154.291224687,95.708775313,138.000000000,61.000000000,80.000000000,19200.000000000,0.000000000,100.000000000,100.000000000,0.500000000,0.500000000,295.000000000,295.000000000,158.056953189,136.943046811,54.340000000,44.660000000,60.000000000,14400.000000000,0.000000000,33600.000000000,398681.355808359
14,10.000000000,290.000000000,50.000000000,220.000000000,110.000000000,200.000000000,200.000000000,1.000000000,1.000000000,290.000000000,290.000000000,155.514948874,134.485051126,138.480000000,60.520000000,80.000000000,19200.000000000,0.000000000,100.000000000,100.000000000,0.500000000,0.500000000,340.000000000,340.000000000,159.991467122,180.008532878,54.880000000,44.120000000,60.000000000,14400.000000000,0.000000000,33600.000000000,432281.355808359
15,11.000000000,330.000000000,55.000000000,220.000000000,110.000000000,200.000000000,200.000000000,1.000000000,1.000000000,330.000000000,330.000000000,156.758239605,173.241760395,138.960000000,60.040000000,80.000000000,21120.000000000,0.000000000,100.000000000,100.000000000,0.500000000,0.500000000,385.000000000,385.000000000,162.271805274,222.728194726,55.500000000,43.500000000,60.000000000,15840.000000000,0.000000000,36960.000000000,469241.355808359
16,10.000000000,360.000000000,60.000000000,220.000000000,110.000000000,200.000000000,206.000000000,1.000000000,1.440000000,360.000000000,309.074074074,148.705948444,160.368125630,138.708888889,63.291111111,80.000000000,19200.000000000,0.000000015,100.000000000,102.000000000,0.500000000,0.644000000,369.074074074,352.407407407,156.982720134,195.424687273,55.034391534,44.965608466,60.000000000,14400.000000000,-0.000000015,33600.000000000,502841.355808359
17,10.000000000,390.000000000,65.000000000,220.000000000,110.000000000,206.000000000,200.000000000,1.440000000,1.000000000,390.000000000,440.925925926,152.518784171,288.407141755,140.291111111,61.708888889,80.000000000,19200.000000000,-0.000000015,102.000000000,100.000000000,0.644000000,0.500000000,505.925925926,522.592592593,165.955671981,356.636920611,57.465608466,42.534391534,60.000000000,14400.000000000,0.000000015,33600.000000000,536441.355808359
18,10.000000000,420.000000000,70.000000000,220.000000000,110.000000000,200.000000000,200.000000000,1.000000000,1.000000000,420.000000000,420.000000000,159.629659191,260.370340809,140.040000000,58.960000000,80.000000000,19200.000000000,0.000000000,100.000000000,100.000000000,0.500000000,0.500000000,490.000000000,490.000000000,168.067226891,321.932773109,57.000000000,42.000000000,60.000000000,14400.000000000,0.000000000,33600.000000000,570041.355808359
19,10.000000000,410.000000000,68.000000000,214.000000000,107.000000000,200.000000000,200.000000000,1.000000000,1.000000000,410.000000000,410.000000000,159.305428332,250.694571668,139.920000000,59.080000000,80.000000000,19200.000000000,0.000000000,100.000000000,100.000000000,0.500000000,0.500000000,478.000000000,478.000000000,167.384026781,310.615973219,56.828571429,42.171428571,60.000000000,14400.000000000,0.000000000,33600.000000000,603641.355808359
20,10.000000000,400.000000000,66.000000000,214.000000000,107.000000000,200.000000000,200.000000000,1.000000000,1.000000000,400.000000000,400.000000000,158.982511924,241.017488076,139.800000000,59.200000000,80.000000000,19200.000000000,0.000000000,100.000000000,100.000000000,0.500000000,0.500000000,466.000000000,466.000000000,166.706358657,299.293641343,56.657142857,42.342857143,60.000000000,14400.000000000,0.000000000,33600.000000000,637241.355808359
21,11.000000000,380.000000000,63.000000000,214.000000000,107.000000000,200.000000000,200.000000000,1.000000000,1.000000000,380.000000000,380.000000000,158.340590610,221.659409390,139.560000000,59.440000000,80.000000000,21120.000000000,0.000000000,100.000000000,100.000000000,0.500000000,0.500000000,443.000000000,443.000000000,165.422714114,277.577285886,56.328571429,42.671428571,60.000000000,15840.000000000,0.000000000,36960.000000000,674201.355808359
22,10.000000000,350.000000000,60.000000000,214.000000000,107.000000000,200.000000000,200.000000000,1.000000000,1.000000000,350.000000000,350.000000000,157.387369664,192.612630336,139.200000000,59.800000000,80.000000000,19200.000000000,0.000000000,100.000000000,100.000000000,0.500000000,0.500000000,410.000000000,410.000000000,163.615114920,246.384885080,55.857142857,43.142857143,60.000000000,14400.000000000,0.000000000,33600.000000000,707801.355808359
23,10.000000000,320.000000000,56.000000000,214.000000000,107.000000000,200.000000000,200.000000000,1.000000000,1.000000000,320.000000000,320.000000000,156.445556946,163.554443054,138.840000000,60.160000000,80.000000000,19200.000000000,0.000000000,100.000000000,100.000000000,0.500000000,0.500000000,376.000000000,376.000000000,161.793597596,214.206402404,55.371428571,43.628571429,60.000000000,14400.000000000,0.000000000,33600.000000000,741401.355808359
24,11.000000000,290.000000000,52.000000000,214.000000000,107.000000000,200.000000000,202.000000000,1.000000000,1.140000000,290.000000000,275.269360269,152.548748667,122.720611602,138.303232323,61.696767677,80.000000000,21120.000000000,0.000000020,100.000000000,100.000000000,0.500000000,0.500000000,327.269360269,327.269360269,159.439400332,167.829959938,54.727232323,44.272767677,60.000000000,15840.000000000,0.000000000,36960.000000000,778361.355808359
25,10.000000000,250.000000000,46.000000000,220.000000000,110.000000000,202.000000000,208.000000000,1.140000000,1.620000000,250.000000000,194.444444444,141.412157517,53.032286927,137.444444444,66.555555556,80.000000000,19200.000000000,0.000000007,100.000000000,100.000000000,0.500000000,0.500000000,240.444444444,240.444444444,155.773484584,84.670959861,53.685333333,45.314666667,60.000000000,14400.000000000,0.000000000,33600.000000000,811961.355808359
26,10.000000000,220.000000000,40.000000000,220.000000000,110.000000000,208.000000000,214.000000000,1.620000000,2.240000000,220.000000000,148.240740741,128.897220132,19.343520609,136.982407407,73.017592593,80.000000000,19200.000000000,0.000000000,100.000000000,103.000000000,0.500000000,0.724000000,188.240740741,162.314814815,147.821885578,14.492929237,52.747777778,47.752222222,60.000000000,14400.000000000,0.000000007,33600.000000000,845561.355808359
27,10.000000000,190.000000000,35.000000000,220.000000000,110.000000000,214.000000000,218.000000000,2.240000000,2.740000000,190.000000000,132.129629630,120.387832747,11.741796882,136.821296296,78.178703704,80.000000000,19200.000000000,-0.000000007,103.000000000,105.000000000,0.724000000,0.900000000,167.129629630,146.759259259,139.948037812,6.811221447,52.561111111,50.438888889,60.000000000,14400.000000000,0.000000007,33600.000000000,879161.355808359
28,10.000000000,160.000000000,30.000000000,220.000000000,110.000000000,218.000000000,220.000000000,2.740000000,3.000000000,160.000000000,129.907407407,115.907110646,14.000296761,136.799074074,81.200925926,80.000000000,19200.000000000,0.000000011,105.000000000,106.000000000,0.900000000,1.012000000,159.907407407,146.944444444,135.912140352,11.032304093,52.563333333,51.936666667,60.000000000,14400.000000000,-0.000000002,33600.000000000,912761.355808359
29,10.000000000,135.000000000,26.000000000,220.000000000,110.000000000,220.000000000,220.000000000,3.000000000,3.000000000,135.000000000,135.000000000,114.568042677,20.431957323,136.850000000,82.150000000,80.000000000,19200.000000000,0.000000000,106.000000000,108.000000000,1.012000000,1.244000000,161.000000000,134.148148148,131.718497082,2.429651066,52.409777778,53.590222222,60.000000000,14400.000000000,0.000000004,33600.000000000,946361.355808359
30,11.000000000,120.000000000,23.000000000,220.000000000,110.000000000,220.000000000,220.000000000,3.000000000,3.000000000,120.000000000,120.000000000,114.359230934,5.640769066,136.700000000,82.300000000,80.000000000,21120.000000000,0.000000000,108.000000000,108.000000000,1.244000000,1.244000000,143.000000000,143.000000000,129.557733085,13.442266915,52.516000000,54.484000000,60.000000000,15840.000000000,0.000000000,36960.000000000,983321.355808359
31,10.000000000,110.000000000,21.000000000,220.000000000,110.000000000,220.000000000,220.000000000,3.000000000,3.000000000,110.000000000,110.000000000,110.000000000,0.000000000,136.600000000,82.400000000,77.044000000,18490.560000000,0.000000000,108.000000000,108.000000000,1.244000000,1.244000000,131.000000000,131.000000000,129.216217497,1.783782503,52.372000000,54.628000000,60.000000000,14400.000000000,0.000000000,32890.560000000,1016211.915808359
32,10.000000000,100.000000000,19.000000000,220.000000000,110.000000000,220.000000000,220.000000000,3.000000000,3.000000000,100.000000000,100.000000000,100.000000000,0.000000000,136.500000000,82.500000000,70.125000000,16830.000000000,0.000000000,108.000000000,107.000000000,1.244000000,1.124000000,119.000000000,132.888888889,130.464468002,2.424420887,52.394666667,54.105333333,60.000000000,14400.000000000,0.000000011,31230.000000000,1047441.915808359
33,10.000000000,90.000000000,17.000000000,220.000000000,110.000000000,220.000000000,218.000000000,3.000000000,2.740000000,90.000000000,120.092592593,115.767182014,4.325410579,136.700925926,81.299074074,80.000000000,19200.000000000,0.000000000,107.000000000,107.000000000,1.124000000,1.124000000,137.092592593,137.092592593,131.805399579,5.287193014,52.445111111,53.554888889,60.000000000,14400.000000000,0.000000000,33600.000000000,1081041.915808359
34,10.000000000,85.000000000,16.000000000,220.000000000,110.000000000,218.000000000,216.000000000,2.740000000,2.480000000,85.000000000,115.092592593,115.092592593,0.000000000,136.650925926,79.349074074,77.626170568,18630.280936214,0.000000004,107.000000000,106.000000000,1.124000000,1.012000000,131.092592593,144.055555556,133.257425955,10.798129600,52.528666667,52.971333333,60.000000000,14400.000000000,-0.000000013,33030.280936214,1114072.196744573
35,10.000000000,80.000000000,15.000000000,220.000000000,110.000000000,216.000000000,214.000000000,2.480000000,2.240000000,80.000000000,107.777777778,107.777777778,0.000000000,136.577777778,77.422222222,70.927358025,17022.565925926,-0.000000007,106.000000000,105.000000000,1.012000000,0.900000000,122.777777778,135.740740741,135.561223465,0.179517276,52.428888889,52.071111111,60.000000000,14400.000000000,0.000000002,31422.565925926,1145494.762670499
36,11.000000000,80.000000000,15.000000000,220.000000000,110.000000000,214.000000000,210.000000000,2.240000000,1.800000000,80.000000000,126.296296296,126.296296296,0.000000000,136.762962963,74.237037037,79.694834019,21039.436181070,-0.000000007,105.000000000,105.000000000,0.900000000,0.900000000,141.296296296,141.296296296,137.052706918,4.243589378,52.495555556,51.504444444,60.000000000,15840.000000000,0.000000000,36879.436181070,1182374.198851569
